[
  {
    "LAD23NM": "Hartlepool"
  },
  {
    "LAD23NM": "Middlesbrough"
  },
  {
    "LAD23NM": "Redcar and Cleveland"
  },
  {
    "LAD23NM": "Stockton-on-Tees"
  },
  {
    "LAD23NM": "Darlington"
  },
  {
    "LAD23NM": "Halton"
  },
  {
    "LAD23NM": "Warrington"
  },
  {
    "LAD23NM": "Blackburn with Darwen"
  },
  {
    "LAD23NM": "Blackpool"
  },
  {
    "LAD23NM": "Kingston upon Hull, City of"
  },
  {
    "LAD23NM": "East Riding of Yorkshire"
  },
  {
    "LAD23NM": "North East Lincolnshire"
  },
  {
    "LAD23NM": "North Lincolnshire"
  },
  {
    "LAD23NM": "York"
  },
  {
    "LAD23NM": "Derby"
  },
  {
    "LAD23NM": "Leicester"
  },
  {
    "LAD23NM": "Rutland"
  },
  {
    "LAD23NM": "Nottingham"
  },
  {
    "LAD23NM": "Herefordshire, County of"
  },
  {
    "LAD23NM": "Telford and Wrekin"
  },
  {
    "LAD23NM": "Stoke-on-Trent"
  },
  {
    "LAD23NM": "Bath and North East Somerset"
  },
  {
    "LAD23NM": "Bristol, City of"
  },
  {
    "LAD23NM": "North Somerset"
  },
  {
    "LAD23NM": "South Gloucestershire"
  },
  {
    "LAD23NM": "Plymouth"
  },
  {
    "LAD23NM": "Torbay"
  },
  {
    "LAD23NM": "Swindon"
  },
  {
    "LAD23NM": "Peterborough"
  },
  {
    "LAD23NM": "Luton"
  },
  {
    "LAD23NM": "Southend-on-Sea"
  },
  {
    "LAD23NM": "Thurrock"
  },
  {
    "LAD23NM": "Medway"
  },
  {
    "LAD23NM": "Bracknell Forest"
  },
  {
    "LAD23NM": "West Berkshire"
  },
  {
    "LAD23NM": "Reading"
  },
  {
    "LAD23NM": "Slough"
  },
  {
    "LAD23NM": "Windsor and Maidenhead"
  },
  {
    "LAD23NM": "Wokingham"
  },
  {
    "LAD23NM": "Milton Keynes"
  },
  {
    "LAD23NM": "Brighton and Hove"
  },
  {
    "LAD23NM": "Portsmouth"
  },
  {
    "LAD23NM": "Southampton"
  },
  {
    "LAD23NM": "Isle of Wight"
  },
  {
    "LAD23NM": "County Durham"
  },
  {
    "LAD23NM": "Cheshire East"
  },
  {
    "LAD23NM": "Cheshire West and Chester"
  },
  {
    "LAD23NM": "Shropshire"
  },
  {
    "LAD23NM": "Cornwall"
  },
  {
    "LAD23NM": "Isles of Scilly"
  },
  {
    "LAD23NM": "Wiltshire"
  },
  {
    "LAD23NM": "Bedford"
  },
  {
    "LAD23NM": "Central Bedfordshire"
  },
  {
    "LAD23NM": "Northumberland"
  },
  {
    "LAD23NM": "Bournemouth, Christchurch and Poole"
  },
  {
    "LAD23NM": "Dorset"
  },
  {
    "LAD23NM": "Buckinghamshire"
  },
  {
    "LAD23NM": "North Northamptonshire"
  },
  {
    "LAD23NM": "West Northamptonshire"
  },
  {
    "LAD23NM": "Cumberland"
  },
  {
    "LAD23NM": "Westmorland and Furness"
  },
  {
    "LAD23NM": "North Yorkshire"
  },
  {
    "LAD23NM": "Somerset"
  },
  {
    "LAD23NM": "Cambridge"
  },
  {
    "LAD23NM": "East Cambridgeshire"
  },
  {
    "LAD23NM": "Fenland"
  },
  {
    "LAD23NM": "Huntingdonshire"
  },
  {
    "LAD23NM": "South Cambridgeshire"
  },
  {
    "LAD23NM": "Amber Valley"
  },
  {
    "LAD23NM": "Bolsover"
  },
  {
    "LAD23NM": "Chesterfield"
  },
  {
    "LAD23NM": "Derbyshire Dales"
  },
  {
    "LAD23NM": "Erewash"
  },
  {
    "LAD23NM": "High Peak"
  },
  {
    "LAD23NM": "North East Derbyshire"
  },
  {
    "LAD23NM": "South Derbyshire"
  },
  {
    "LAD23NM": "East Devon"
  },
  {
    "LAD23NM": "Exeter"
  },
  {
    "LAD23NM": "Mid Devon"
  },
  {
    "LAD23NM": "North Devon"
  },
  {
    "LAD23NM": "South Hams"
  },
  {
    "LAD23NM": "Teignbridge"
  },
  {
    "LAD23NM": "Torridge"
  },
  {
    "LAD23NM": "West Devon"
  },
  {
    "LAD23NM": "Eastbourne"
  },
  {
    "LAD23NM": "Hastings"
  },
  {
    "LAD23NM": "Lewes"
  },
  {
    "LAD23NM": "Rother"
  },
  {
    "LAD23NM": "Wealden"
  },
  {
    "LAD23NM": "Basildon"
  },
  {
    "LAD23NM": "Braintree"
  },
  {
    "LAD23NM": "Brentwood"
  },
  {
    "LAD23NM": "Castle Point"
  },
  {
    "LAD23NM": "Chelmsford"
  },
  {
    "LAD23NM": "Colchester"
  },
  {
    "LAD23NM": "Epping Forest"
  },
  {
    "LAD23NM": "Harlow"
  },
  {
    "LAD23NM": "Maldon"
  },
  {
    "LAD23NM": "Rochford"
  },
  {
    "LAD23NM": "Tendring"
  },
  {
    "LAD23NM": "Uttlesford"
  },
  {
    "LAD23NM": "Cheltenham"
  },
  {
    "LAD23NM": "Cotswold"
  },
  {
    "LAD23NM": "Forest of Dean"
  },
  {
    "LAD23NM": "Gloucester"
  },
  {
    "LAD23NM": "Stroud"
  },
  {
    "LAD23NM": "Tewkesbury"
  },
  {
    "LAD23NM": "Basingstoke and Deane"
  },
  {
    "LAD23NM": "East Hampshire"
  },
  {
    "LAD23NM": "Eastleigh"
  },
  {
    "LAD23NM": "Fareham"
  },
  {
    "LAD23NM": "Gosport"
  },
  {
    "LAD23NM": "Hart"
  },
  {
    "LAD23NM": "Havant"
  },
  {
    "LAD23NM": "New Forest"
  },
  {
    "LAD23NM": "Rushmoor"
  },
  {
    "LAD23NM": "Test Valley"
  },
  {
    "LAD23NM": "Winchester"
  },
  {
    "LAD23NM": "Broxbourne"
  },
  {
    "LAD23NM": "Dacorum"
  },
  {
    "LAD23NM": "Hertsmere"
  },
  {
    "LAD23NM": "North Hertfordshire"
  },
  {
    "LAD23NM": "Three Rivers"
  },
  {
    "LAD23NM": "Watford"
  },
  {
    "LAD23NM": "Ashford"
  },
  {
    "LAD23NM": "Canterbury"
  },
  {
    "LAD23NM": "Dartford"
  },
  {
    "LAD23NM": "Dover"
  },
  {
    "LAD23NM": "Gravesham"
  },
  {
    "LAD23NM": "Maidstone"
  },
  {
    "LAD23NM": "Sevenoaks"
  },
  {
    "LAD23NM": "Folkestone and Hythe"
  },
  {
    "LAD23NM": "Swale"
  },
  {
    "LAD23NM": "Thanet"
  },
  {
    "LAD23NM": "Tonbridge and Malling"
  },
  {
    "LAD23NM": "Tunbridge Wells"
  },
  {
    "LAD23NM": "Burnley"
  },
  {
    "LAD23NM": "Chorley"
  },
  {
    "LAD23NM": "Fylde"
  },
  {
    "LAD23NM": "Hyndburn"
  },
  {
    "LAD23NM": "Lancaster"
  },
  {
    "LAD23NM": "Pendle"
  },
  {
    "LAD23NM": "Preston"
  },
  {
    "LAD23NM": "Ribble Valley"
  },
  {
    "LAD23NM": "Rossendale"
  },
  {
    "LAD23NM": "South Ribble"
  },
  {
    "LAD23NM": "West Lancashire"
  },
  {
    "LAD23NM": "Wyre"
  },
  {
    "LAD23NM": "Blaby"
  },
  {
    "LAD23NM": "Charnwood"
  },
  {
    "LAD23NM": "Harborough"
  },
  {
    "LAD23NM": "Hinckley and Bosworth"
  },
  {
    "LAD23NM": "Melton"
  },
  {
    "LAD23NM": "North West Leicestershire"
  },
  {
    "LAD23NM": "Oadby and Wigston"
  },
  {
    "LAD23NM": "Boston"
  },
  {
    "LAD23NM": "East Lindsey"
  },
  {
    "LAD23NM": "Lincoln"
  },
  {
    "LAD23NM": "North Kesteven"
  },
  {
    "LAD23NM": "South Holland"
  },
  {
    "LAD23NM": "South Kesteven"
  },
  {
    "LAD23NM": "West Lindsey"
  },
  {
    "LAD23NM": "Breckland"
  },
  {
    "LAD23NM": "Broadland"
  },
  {
    "LAD23NM": "Great Yarmouth"
  },
  {
    "LAD23NM": "King's Lynn and West Norfolk"
  },
  {
    "LAD23NM": "North Norfolk"
  },
  {
    "LAD23NM": "Norwich"
  },
  {
    "LAD23NM": "South Norfolk"
  },
  {
    "LAD23NM": "Ashfield"
  },
  {
    "LAD23NM": "Bassetlaw"
  },
  {
    "LAD23NM": "Broxtowe"
  },
  {
    "LAD23NM": "Gedling"
  },
  {
    "LAD23NM": "Mansfield"
  },
  {
    "LAD23NM": "Newark and Sherwood"
  },
  {
    "LAD23NM": "Rushcliffe"
  },
  {
    "LAD23NM": "Cherwell"
  },
  {
    "LAD23NM": "Oxford"
  },
  {
    "LAD23NM": "South Oxfordshire"
  },
  {
    "LAD23NM": "Vale of White Horse"
  },
  {
    "LAD23NM": "West Oxfordshire"
  },
  {
    "LAD23NM": "Cannock Chase"
  },
  {
    "LAD23NM": "East Staffordshire"
  },
  {
    "LAD23NM": "Lichfield"
  },
  {
    "LAD23NM": "Newcastle-under-Lyme"
  },
  {
    "LAD23NM": "South Staffordshire"
  },
  {
    "LAD23NM": "Stafford"
  },
  {
    "LAD23NM": "Staffordshire Moorlands"
  },
  {
    "LAD23NM": "Tamworth"
  },
  {
    "LAD23NM": "Babergh"
  },
  {
    "LAD23NM": "Ipswich"
  },
  {
    "LAD23NM": "Mid Suffolk"
  },
  {
    "LAD23NM": "Elmbridge"
  },
  {
    "LAD23NM": "Epsom and Ewell"
  },
  {
    "LAD23NM": "Guildford"
  },
  {
    "LAD23NM": "Mole Valley"
  },
  {
    "LAD23NM": "Reigate and Banstead"
  },
  {
    "LAD23NM": "Runnymede"
  },
  {
    "LAD23NM": "Spelthorne"
  },
  {
    "LAD23NM": "Surrey Heath"
  },
  {
    "LAD23NM": "Tandridge"
  },
  {
    "LAD23NM": "Waverley"
  },
  {
    "LAD23NM": "Woking"
  },
  {
    "LAD23NM": "North Warwickshire"
  },
  {
    "LAD23NM": "Nuneaton and Bedworth"
  },
  {
    "LAD23NM": "Rugby"
  },
  {
    "LAD23NM": "Stratford-on-Avon"
  },
  {
    "LAD23NM": "Warwick"
  },
  {
    "LAD23NM": "Adur"
  },
  {
    "LAD23NM": "Arun"
  },
  {
    "LAD23NM": "Chichester"
  },
  {
    "LAD23NM": "Crawley"
  },
  {
    "LAD23NM": "Horsham"
  },
  {
    "LAD23NM": "Mid Sussex"
  },
  {
    "LAD23NM": "Worthing"
  },
  {
    "LAD23NM": "Bromsgrove"
  },
  {
    "LAD23NM": "Malvern Hills"
  },
  {
    "LAD23NM": "Redditch"
  },
  {
    "LAD23NM": "Worcester"
  },
  {
    "LAD23NM": "Wychavon"
  },
  {
    "LAD23NM": "Wyre Forest"
  },
  {
    "LAD23NM": "St Albans"
  },
  {
    "LAD23NM": "Welwyn Hatfield"
  },
  {
    "LAD23NM": "East Hertfordshire"
  },
  {
    "LAD23NM": "Stevenage"
  },
  {
    "LAD23NM": "East Suffolk"
  },
  {
    "LAD23NM": "West Suffolk"
  },
  {
    "LAD23NM": "Bolton"
  },
  {
    "LAD23NM": "Bury"
  },
  {
    "LAD23NM": "Manchester"
  },
  {
    "LAD23NM": "Oldham"
  },
  {
    "LAD23NM": "Rochdale"
  },
  {
    "LAD23NM": "Salford"
  },
  {
    "LAD23NM": "Stockport"
  },
  {
    "LAD23NM": "Tameside"
  },
  {
    "LAD23NM": "Trafford"
  },
  {
    "LAD23NM": "Wigan"
  },
  {
    "LAD23NM": "Knowsley"
  },
  {
    "LAD23NM": "Liverpool"
  },
  {
    "LAD23NM": "St. Helens"
  },
  {
    "LAD23NM": "Sefton"
  },
  {
    "LAD23NM": "Wirral"
  },
  {
    "LAD23NM": "Barnsley"
  },
  {
    "LAD23NM": "Doncaster"
  },
  {
    "LAD23NM": "Rotherham"
  },
  {
    "LAD23NM": "Sheffield"
  },
  {
    "LAD23NM": "Newcastle upon Tyne"
  },
  {
    "LAD23NM": "North Tyneside"
  },
  {
    "LAD23NM": "South Tyneside"
  },
  {
    "LAD23NM": "Sunderland"
  },
  {
    "LAD23NM": "Birmingham"
  },
  {
    "LAD23NM": "Coventry"
  },
  {
    "LAD23NM": "Dudley"
  },
  {
    "LAD23NM": "Sandwell"
  },
  {
    "LAD23NM": "Solihull"
  },
  {
    "LAD23NM": "Walsall"
  },
  {
    "LAD23NM": "Wolverhampton"
  },
  {
    "LAD23NM": "Bradford"
  },
  {
    "LAD23NM": "Calderdale"
  },
  {
    "LAD23NM": "Kirklees"
  },
  {
    "LAD23NM": "Leeds"
  },
  {
    "LAD23NM": "Wakefield"
  },
  {
    "LAD23NM": "Gateshead"
  },
  {
    "LAD23NM": "City of London"
  },
  {
    "LAD23NM": "Barking and Dagenham"
  },
  {
    "LAD23NM": "Barnet"
  },
  {
    "LAD23NM": "Bexley"
  },
  {
    "LAD23NM": "Brent"
  },
  {
    "LAD23NM": "Bromley"
  },
  {
    "LAD23NM": "Camden"
  },
  {
    "LAD23NM": "Croydon"
  },
  {
    "LAD23NM": "Ealing"
  },
  {
    "LAD23NM": "Enfield"
  },
  {
    "LAD23NM": "Greenwich"
  },
  {
    "LAD23NM": "Hackney"
  },
  {
    "LAD23NM": "Hammersmith and Fulham"
  },
  {
    "LAD23NM": "Haringey"
  },
  {
    "LAD23NM": "Harrow"
  },
  {
    "LAD23NM": "Havering"
  },
  {
    "LAD23NM": "Hillingdon"
  },
  {
    "LAD23NM": "Hounslow"
  },
  {
    "LAD23NM": "Islington"
  },
  {
    "LAD23NM": "Kensington and Chelsea"
  },
  {
    "LAD23NM": "Kingston upon Thames"
  },
  {
    "LAD23NM": "Lambeth"
  },
  {
    "LAD23NM": "Lewisham"
  },
  {
    "LAD23NM": "Merton"
  },
  {
    "LAD23NM": "Newham"
  },
  {
    "LAD23NM": "Redbridge"
  },
  {
    "LAD23NM": "Richmond upon Thames"
  },
  {
    "LAD23NM": "Southwark"
  },
  {
    "LAD23NM": "Sutton"
  },
  {
    "LAD23NM": "Tower Hamlets"
  },
  {
    "LAD23NM": "Waltham Forest"
  },
  {
    "LAD23NM": "Wandsworth"
  },
  {
    "LAD23NM": "Westminster"
  },
  {
    "LAD23NM": "Antrim and Newtownabbey"
  },
  {
    "LAD23NM": "Armagh City, Banbridge and Craigavon"
  },
  {
    "LAD23NM": "Belfast"
  },
  {
    "LAD23NM": "Causeway Coast and Glens"
  },
  {
    "LAD23NM": "Derry City and Strabane"
  },
  {
    "LAD23NM": "Fermanagh and Omagh"
  },
  {
    "LAD23NM": "Lisburn and Castlereagh"
  },
  {
    "LAD23NM": "Mid and East Antrim"
  },
  {
    "LAD23NM": "Mid Ulster"
  },
  {
    "LAD23NM": "Newry, Mourne and Down"
  },
  {
    "LAD23NM": "Ards and North Down"
  },
  {
    "LAD23NM": "Clackmannanshire"
  },
  {
    "LAD23NM": "Dumfries and Galloway"
  },
  {
    "LAD23NM": "East Ayrshire"
  },
  {
    "LAD23NM": "East Lothian"
  },
  {
    "LAD23NM": "East Renfrewshire"
  },
  {
    "LAD23NM": "Na h-Eileanan Siar"
  },
  {
    "LAD23NM": "Falkirk"
  },
  {
    "LAD23NM": "Highland"
  },
  {
    "LAD23NM": "Inverclyde"
  },
  {
    "LAD23NM": "Midlothian"
  },
  {
    "LAD23NM": "Moray"
  },
  {
    "LAD23NM": "North Ayrshire"
  },
  {
    "LAD23NM": "Orkney Islands"
  },
  {
    "LAD23NM": "Scottish Borders"
  },
  {
    "LAD23NM": "Shetland Islands"
  },
  {
    "LAD23NM": "South Ayrshire"
  },
  {
    "LAD23NM": "South Lanarkshire"
  },
  {
    "LAD23NM": "Stirling"
  },
  {
    "LAD23NM": "Aberdeen City"
  },
  {
    "LAD23NM": "Aberdeenshire"
  },
  {
    "LAD23NM": "Argyll and Bute"
  },
  {
    "LAD23NM": "City of Edinburgh"
  },
  {
    "LAD23NM": "Renfrewshire"
  },
  {
    "LAD23NM": "West Dunbartonshire"
  },
  {
    "LAD23NM": "West Lothian"
  },
  {
    "LAD23NM": "Angus"
  },
  {
    "LAD23NM": "Dundee City"
  },
  {
    "LAD23NM": "East Dunbartonshire"
  },
  {
    "LAD23NM": "Fife"
  },
  {
    "LAD23NM": "Perth and Kinross"
  },
  {
    "LAD23NM": "Glasgow City"
  },
  {
    "LAD23NM": "North Lanarkshire"
  },
  {
    "LAD23NM": "Isle of Anglesey"
  },
  {
    "LAD23NM": "Gwynedd"
  },
  {
    "LAD23NM": "Conwy"
  },
  {
    "LAD23NM": "Denbighshire"
  },
  {
    "LAD23NM": "Flintshire"
  },
  {
    "LAD23NM": "Wrexham"
  },
  {
    "LAD23NM": "Ceredigion"
  },
  {
    "LAD23NM": "Pembrokeshire"
  },
  {
    "LAD23NM": "Carmarthenshire"
  },
  {
    "LAD23NM": "Swansea"
  },
  {
    "LAD23NM": "Neath Port Talbot"
  },
  {
    "LAD23NM": "Bridgend"
  },
  {
    "LAD23NM": "Vale of Glamorgan"
  },
  {
    "LAD23NM": "Cardiff"
  },
  {
    "LAD23NM": "Rhondda Cynon Taf"
  },
  {
    "LAD23NM": "Caerphilly"
  },
  {
    "LAD23NM": "Blaenau Gwent"
  },
  {
    "LAD23NM": "Torfaen"
  },
  {
    "LAD23NM": "Monmouthshire"
  },
  {
    "LAD23NM": "Newport"
  },
  {
    "LAD23NM": "Powys"
  },
  {
    "LAD23NM": "Merthyr Tydfil"
  }
]